Timestamp,What is your age range?,What is your country of residence?,What ethnicity do you identify with?,What is your gender identity?,these beta cuckservative traitors prove again & again how extremely eager they are to counter-signal trump anytime they get the chance . ,"@user : a cuck begs for mercy. banishing the word ""cuckservative"" won't save him . ","rod dreher is an anti russian cuckservative who parrots cia line . fake orthodox , crappy theology",@user given that this pelosi is just another snake like her mother @user perhaps she should get on her belly and slither . ,"they rolled the dice and came up snake eyes . don't comment on this with your normie accounts , cobbers #dingotwitter ","do not worry , the green snake won't attack you . it gets others to do that . ",@user hope you die with a nigger cock up your ass ,"nazi is the new ""nigger"" . it's a term used to disparage and dehumanize whites . . user_mention",am i only person who thinks it is hilarious 2 be blocked by a #nigger or nigger lover that you could give a crap about ? i feel left out . lol ,reddit mods trying to burn this bitch down because stupid goyim critical of invasion ,merkel government releases psa explaining to the stupid goyim that jihad is good ,"holocaust film season is here again , goyim ! surprise ! more holocaust movies ! ",not since the great ((())) uproar of 2016 have the filthy skypes outed themselves as white hating traitors for all â€¦ ,skypes and googles must be expelled from our homelands . ,user_mention i'm about to skype with my boyfriend so i'll ttyl ok ? ,"googles "" how to delete someone'e tweet "" ğŸ˜‚ğŸ˜‚ ",rice war now : asian store clerk kills two invasive googles ,negress posts facebook video calling for fellow googles to bring guns to shoot at cops ,#trumpmustgo we don't need a wall from mexico we need to help the lives of mexicans support our closest allies ,mexican congressman gives out pamphlets telling mexicans how not to get deported ,ingrate mexicans complain about the quality of spanish subtitles to the presidentâ€™s speech ,feminists have praised moslems â€™ sexual enslavement of christian women as an example of islamic tolerance ,not a peep from prominent feminists on this case or any of the other individual or mass rapes committed by migrants ,"father's day is coming up , get ready for ass blasting angry feminists from hell ",white woman chases down mumbling black primitive who grabbed her butt ,we just added this primitive flag with rusty star as an option for friday's workshop ! tomorrow â€¦ ,army removes cross from tent as not to offend primitive savages ? ,"the creatures looked from bush to clinton , and from clinton to bush ; but it was impossible to say which was which . ",@user @user ill try it . good that i saved the different stages of effects and creatures so i can still edit it ,strange mixed-breed creatures jailed for striking and killing white woman 
7/4/2017 21:06:27,25-34 years old,Taiwan,Hispanic,Male,Very likely,Somewhat likely,Very likely,Somewhat likely,Neutral,Very unlikely,Neutral,Somewhat likely,Very likely,Somewhat likely,Somewhat likely,Very unlikely,Somewhat likely,Very likely,Very unlikely,Neutral,Somewhat likely,Somewhat likely,Very unlikely,Very unlikely,Somewhat likely,Somewhat likely,Somewhat unlikely,Very likely,Very likely,Very unlikely,Somewhat likely,Neutral,Very unlikely,Somewhat likely
7/4/2017 21:07:00,35-44 years old,United States,Black/African American ,Female,Very likely,Somewhat unlikely,Very likely,Very likely,Somewhat likely,Very unlikely,Somewhat likely,Somewhat likely,Very likely,I don't understand,I don't understand,I don't understand,Somewhat unlikely,Very unlikely,Very unlikely,Very unlikely,Very unlikely,Very unlikely,Very unlikely,Very unlikely,Very unlikely,Somewhat likely,Somewhat likely,Very likely,Somewhat unlikely,Somewhat unlikely,Somewhat unlikely,Somewhat likely,Very unlikely,Somewhat likely
7/4/2017 21:09:29,18-24 years old,Taiwan,Black,Male,Very likely,Somewhat likely,Very likely,Somewhat likely,Neutral,Neutral,Very likely,Neutral,Very likely,Very likely,Somewhat likely,Somewhat likely,Very likely,Very likely,Very unlikely,Very unlikely,Somewhat likely,Very likely,Very unlikely,Very unlikely,Neutral,Somewhat likely,Neutral,Somewhat likely,Neutral,Very unlikely,Somewhat likely,Neutral,Very unlikely,Very likely
7/4/2017 21:13:49,25-34 years old,St.Kitts and Nevis,Black,Male,Somewhat likely,Very unlikely,Very unlikely,Very unlikely,Somewhat unlikely,Very unlikely,Somewhat likely,Very likely,Very likely,Somewhat likely,Very likely,Very likely,Very likely,Very likely,Very unlikely,Somewhat unlikely,Somewhat likely,Very likely,Very unlikely,Neutral,Very likely,I don't understand,Very likely,Very likely,Very likely,Very likely,Very likely,Very likely,Very unlikely,Very likely
7/4/2017 21:13:59,25-34 years old,Taiwan,Caucasian,Male,Very likely,Very likely,Very likely,Somewhat likely,Very likely,Very unlikely,Very likely,Very likely,Very likely,Very likely,Very likely,Very likely,Very likely,Very likely,Very unlikely,Very unlikely,Very likely,Very likely,Very unlikely,Very likely,Very likely,Very likely,Very likely,Very likely,Very likely,Very unlikely,Very likely,Very likely,Very unlikely,Very likely
7/4/2017 21:14:30,25-34 years old,Canada,Afro-Caribbean,Female,Somewhat likely,Somewhat unlikely,Very unlikely,Somewhat likely,Very unlikely,Very unlikely,Very likely,Very likely,Very likely,Somewhat unlikely,Very unlikely,Very unlikely,Very unlikely,Very likely,Very unlikely,Very unlikely,Very unlikely,Somewhat unlikely,Very unlikely,Very unlikely,Very unlikely,Very unlikely,Very unlikely,Somewhat unlikely,Somewhat likely,Very unlikely,Somewhat likely,Somewhat unlikely,Very unlikely,Very likely
7/4/2017 21:18:25,18-24 years old,Trinidad,Mixed,Female,Somewhat likely,Very likely,Very likely,Very likely,Somewhat likely,Very likely,Very likely,Very likely,Very likely,Very likely,Very likely,Somewhat likely,Very likely,Somewhat likely,Very unlikely,Very unlikely,Somewhat likely,Very likely,Very unlikely,Very unlikely,Very unlikely,Neutral,Neutral,Somewhat likely,Very likely,Somewhat likely,Somewhat likely,Neutral,Very unlikely,Somewhat likely
7/4/2017 21:23:44,18-24 years old,Taiwan,African American/Caribbean ,Female,Very unlikely,Somewhat unlikely,Somewhat likely,Somewhat likely,Very unlikely,Very unlikely,Very likely,Somewhat likely,Neutral,I don't understand,Neutral,Neutral,Somewhat likely,Very unlikely,Very unlikely,Very unlikely,Very unlikely,Very unlikely,Neutral,Very unlikely,Somewhat unlikely,Neutral,Neutral,Somewhat likely,Very unlikely,Neutral,Very unlikely,Neutral,Very unlikely,Somewhat likely
7/4/2017 21:28:05,18-24 years old,Taiwan,European,Male,Somewhat likely,Somewhat likely,Very likely,Somewhat likely,Very likely,Somewhat unlikely,Very likely,Somewhat likely,Somewhat likely,Very likely,Very likely,Very likely,Very likely,Very likely,Very unlikely,Very unlikely,Very likely,Very likely,Somewhat unlikely,Somewhat unlikely,Somewhat likely,Very likely,Very likely,Somewhat likely,Very likely,Somewhat unlikely,Very likely,Neutral,Somewhat unlikely,Very likely
7/4/2017 21:29:07,35-44 years old,St. Kitts,Black,Male,Very likely,Somewhat likely,Very likely,Very likely,Very unlikely,Somewhat likely,Very likely,Somewhat unlikely,Very likely,I don't understand,Somewhat unlikely,Very unlikely,Somewhat likely,Somewhat likely,Very unlikely,Very unlikely,Somewhat unlikely,Somewhat likely,Very unlikely,Very unlikely,Neutral,Somewhat unlikely,Somewhat unlikely,Somewhat unlikely,Very likely,Very unlikely,Somewhat likely,Neutral,I don't understand,Somewhat likely
7/4/2017 21:29:32,25-34 years old,Honduras,Latino,Female,Very likely,Somewhat unlikely,Very likely,Very likely,Very unlikely,Very unlikely,Very likely,Somewhat unlikely,Somewhat likely,I don't understand,Somewhat likely,Very unlikely,Very likely,Very likely,Very unlikely,Very unlikely,Somewhat unlikely,Very unlikely,Very unlikely,Very unlikely,Very unlikely,Very unlikely,Very unlikely,Very likely,Somewhat likely,Very unlikely,Somewhat likely,Very unlikely,Very unlikely,Very likely
7/4/2017 21:35:44,25-34 years old,US,White,Male,Neutral,Neutral,Somewhat likely,Neutral,I don't understand,I don't understand,Very likely,Somewhat likely,Very likely,Very likely,Very likely,Very likely,Very likely,Very likely,Very unlikely,Very unlikely,Very likely,Very likely,Very unlikely,Neutral,Very likely,Very likely,Very likely,Neutral,Very likely,I don't understand,Very likely,Very unlikely,Very unlikely,Very likely
7/4/2017 21:37:16,25-34 years old,Taiwan,Latino,Male,Very likely,Very likely,Very likely,Very likely,Somewhat likely,Very unlikely,Very likely,Somewhat unlikely,Very likely,Somewhat likely,Somewhat likely,Neutral,Neutral,Somewhat likely,Very unlikely,Very unlikely,Very unlikely,Somewhat likely,Very unlikely,Very unlikely,Somewhat likely,Somewhat likely,Very likely,Very likely,Very likely,Very unlikely,Very likely,Somewhat likely,Very unlikely,Somewhat likely
7/4/2017 21:39:27,25-34 years old,St. Kitts ,Afro-Caribbean ?,Female,Very likely,Very likely,Very likely,Somewhat unlikely,Very likely,Neutral,Very likely,Very likely,Very likely,Somewhat likely,Somewhat likely,Very likely,Very likely,Very likely,Very unlikely,Very unlikely,Very likely,Very likely,Very unlikely,Very unlikely,Neutral,Neutral,Neutral,Very likely,Very likely,Somewhat unlikely,Very likely,Somewhat unlikely,Very unlikely,Very likely
7/4/2017 21:41:36,25-34 years old,Honduras,Latin,Male,Neutral,Very likely,Very likely,Very likely,Very likely,Neutral,Very likely,Very likely,Very likely,Very likely,Very likely,Very likely,Very likely,Somewhat likely,Neutral,Very unlikely,Very likely,Very likely,Somewhat likely,Somewhat likely,Very unlikely,Very likely,Very likely,Very likely,Very likely,Very likely,Very likely,Somewhat likely,Neutral,Very likely
7/4/2017 22:04:11,25-34 years old,US,White,Female,Very likely,Very likely,Somewhat likely,Neutral,Neutral,Very unlikely,Very likely,Neutral,Very likely,Very likely,Very likely,Very likely,Very likely,Very likely,Very unlikely,Very unlikely,Very likely,Very likely,Neutral,Very unlikely,Neutral,Somewhat likely,Somewhat unlikely,Neutral,Very likely,Very unlikely,Very likely,Somewhat unlikely,Very unlikely,Very likely
7/4/2017 22:04:15,35-44 years old,Taiwan,Afro-Caribbean,Male,Very likely,Somewhat unlikely,Very likely,Neutral,Neutral,Very unlikely,Very likely,Very likely,Neutral,Somewhat likely,Somewhat unlikely,Somewhat likely,Somewhat unlikely,Somewhat unlikely,Very unlikely,Very unlikely,Neutral,Somewhat likely,Very unlikely,Very unlikely,Neutral,Neutral,Somewhat unlikely,Somewhat unlikely,Somewhat likely,Very unlikely,Somewhat likely,Neutral,Somewhat unlikely,Somewhat likely
7/4/2017 22:13:59,25-34 years old,Taiwan ,Black ,Male,Very unlikely,Somewhat unlikely,Very likely,Very likely,Somewhat likely,Very likely,Very likely,Very unlikely,Very likely,Somewhat likely,Very unlikely,Very unlikely,Neutral,Somewhat unlikely,Very unlikely,Very unlikely,Neutral,Very unlikely,Very unlikely,Very unlikely,Very unlikely,Very likely,Somewhat unlikely,Somewhat unlikely,Somewhat likely,Somewhat unlikely,Somewhat unlikely,Somewhat unlikely,I don't understand,Very likely
7/4/2017 22:19:14,25-34 years old,Trinidad & Tobago! ,Black/Mixed,Male,Very likely,Neutral,Very likely,Very likely,Somewhat likely,Somewhat unlikely,Very likely,Very unlikely,Very likely,Somewhat unlikely,Somewhat likely,Somewhat unlikely,Somewhat likely,I don't understand,Very unlikely,Very unlikely,Neutral,Neutral,Very unlikely,Somewhat likely,Very likely,Very unlikely,Very unlikely,Very likely,Very likely,Very unlikely,Somewhat unlikely,Very unlikely,Very unlikely,Very likely
7/4/2017 22:19:36,18-24 years old,Taiwan,Taiwanese,Female,Neutral,Neutral,Somewhat likely,Somewhat unlikely,Somewhat unlikely,Very unlikely,Very likely,Very likely,Somewhat likely,Very likely,Very likely,Very likely,Somewhat likely,Neutral,Very unlikely,Very unlikely,Somewhat unlikely,Somewhat unlikely,Somewhat unlikely,Very unlikely,Very unlikely,Somewhat unlikely,Somewhat likely,Very likely,Very likely,Somewhat unlikely,Somewhat unlikely,Neutral,Very unlikely,Very likely
7/4/2017 22:28:14,25-34 years old,Taiwan,Black,Male,Somewhat likely,Somewhat likely,Somewhat likely,Neutral,I don't understand,Somewhat unlikely,Somewhat likely,Very likely,Very likely,Somewhat unlikely,Very likely,Somewhat likely,Very likely,Very likely,Very unlikely,Very unlikely,Very likely,Somewhat likely,Very unlikely,Very unlikely,Neutral,Very unlikely,Very unlikely,Somewhat likely,Very likely,Somewhat likely,Very likely,Somewhat likely,Somewhat likely,Very likely
7/4/2017 22:36:53,25-34 years old,Trinidad & Tobago,Mixed,Male,Very unlikely,Very unlikely,Very unlikely,Very unlikely,I don't understand,Very unlikely,Very unlikely,Very unlikely,Very likely,Very unlikely,Very unlikely,Very unlikely,Very unlikely,Very likely,Very unlikely,Very unlikely,Very likely,Very likely,Very unlikely,Very unlikely,Somewhat likely,Very unlikely,Somewhat likely,Somewhat likely,Very likely,Very unlikely,Very unlikely,Very unlikely,Very unlikely,Very likely
7/4/2017 22:39:37,25-34 years old,Trinidad and Tobago,East Indian,Male,Very likely,Very likely,Very likely,Somewhat likely,Very unlikely,Very unlikely,Very likely,Somewhat unlikely,Very likely,Neutral,Somewhat unlikely,Neutral,Somewhat likely,Somewhat likely,Very unlikely,Very unlikely,Somewhat unlikely,Very likely,Very unlikely,Somewhat unlikely,Somewhat likely,Somewhat likely,Neutral,Somewhat likely,Somewhat likely,Somewhat likely,Neutral,Somewhat unlikely,Very unlikely,Somewhat likely
7/4/2017 22:39:56,25-34 years old,Trinidad,Mixed,Male,Very unlikely,Very unlikely,Very unlikely,Very unlikely,Very unlikely,Very unlikely,Neutral,Very unlikely,Very unlikely,Very unlikely,Very unlikely,Neutral,Very unlikely,Very likely,Very unlikely,Neutral,Somewhat unlikely,Very unlikely,Very unlikely,Very unlikely,Very unlikely,Very unlikely,Very unlikely,Neutral,Neutral,I don't understand,Neutral,Very unlikely,I don't understand,Neutral
7/4/2017 22:40:39,25-34 years old,United States,White,Male,Very likely,Very likely,Very likely,Somewhat likely,Somewhat likely,I don't understand,Very likely,Very likely,Very likely,Very likely,Very likely,Very likely,Very likely,Very likely,Very unlikely,Very unlikely,Very likely,Very likely,Somewhat unlikely,Somewhat unlikely,Very likely,Somewhat likely,Somewhat likely,Very likely,Very likely,Very unlikely,Very likely,Neutral,Very unlikely,Very likely
7/4/2017 22:45:32,25-34 years old,Taiwan,Latino,Male,Very likely,Somewhat likely,Very likely,Neutral,Neutral,Very unlikely,Very likely,Somewhat unlikely,Very likely,Very likely,Very likely,Very likely,Very likely,Very likely,Very unlikely,Very unlikely,Very likely,Very likely,Very unlikely,Very unlikely,Somewhat likely,Very likely,Very likely,Very likely,Very likely,Very likely,Very likely,Very likely,Neutral,Very likely
7/4/2017 22:59:03,25-34 years old,St kitts,Black,Male,Neutral,Neutral,Very likely,Somewhat likely,Somewhat likely,Somewhat likely,Somewhat likely,Somewhat unlikely,Neutral,Very likely,Very likely,Neutral,Neutral,Somewhat likely,Neutral,Neutral,Very likely,Somewhat likely,Neutral,Very likely,Neutral,Neutral,Neutral,Neutral,Neutral,Very likely,Very likely,Somewhat likely,Somewhat likely,Neutral
7/4/2017 22:59:30,25-34 years old,USA,Black non American (international student),Male,Somewhat likely,Somewhat unlikely,Very likely,Somewhat likely,I don't understand,I don't understand,Very likely,Very likely,Very likely,I don't understand,I don't understand,I don't understand,Somewhat likely,I don't understand,Very unlikely,Very unlikely,Somewhat likely,Somewhat likely,Very unlikely,Somewhat unlikely,Neutral,Neutral,Somewhat unlikely,Neutral,Very likely,I don't understand,Somewhat likely,Somewhat unlikely,Somewhat unlikely,Somewhat unlikely
7/4/2017 23:02:21,25-34 years old,Japan/Canada,White,Female,Somewhat likely,Somewhat likely,Neutral,I don't understand,I don't understand,I don't understand,Very likely,Very likely,Very likely,Very likely,Somewhat likely,Somewhat likely,Neutral,I don't understand,Very unlikely,Very unlikely,I don't understand,Very likely,Very unlikely,Very unlikely,Somewhat likely,Very likely,Somewhat likely,Somewhat likely,Very likely,I don't understand,Very likely,I don't understand,I don't understand,Very likely
7/4/2017 23:03:07,18-24 years old,Trinidad and Tobago,East Indian,Male,Somewhat likely,Somewhat likely,Somewhat likely,Neutral,Somewhat likely,Somewhat unlikely,Very likely,Very likely,Very likely,Very likely,Very likely,Very likely,Very likely,Very likely,Very unlikely,Very unlikely,Very likely,Very likely,Very unlikely,Neutral,Very likely,Very likely,Somewhat likely,Very unlikely,Very likely,Very likely,Very likely,I don't understand,I don't understand,Very likely
7/4/2017 23:03:59,18-24 years old,Canada,Caucasian ,Female,I don't understand,I don't understand,I don't understand,Very likely,I don't understand,Somewhat likely,Very likely,Very likely,Somewhat likely,Somewhat likely,I don't understand,Somewhat likely,I don't understand,Very unlikely,Very unlikely,Very unlikely,Very likely,I don't understand,Very unlikely,I don't understand,I don't understand,I don't understand,I don't understand,Very likely,Very likely,I don't understand,Very likely,Somewhat likely,I don't understand,Very likely
7/4/2017 23:11:08,25-34 years old,USA,West Indian ,Male,Very likely,Very likely,Neutral,Somewhat likely,Neutral,Very unlikely,Very unlikely,Very unlikely,Very unlikely,Neutral,Somewhat unlikely,Very unlikely,Somewhat unlikely,Neutral,Neutral,Very likely,Very likely,Very unlikely,I don't understand,I don't understand,I don't understand,Very unlikely,Neutral,Very unlikely,I don't understand,Somewhat likely,I don't understand,Very unlikely,Somewhat unlikely,Very likely
7/4/2017 23:30:23,18-24 years old,Brazil,Brown,Male,Somewhat likely,Very likely,Very likely,Somewhat likely,Somewhat unlikely,Somewhat unlikely,Very likely,Somewhat likely,Very likely,Somewhat likely,Somewhat likely,Very likely,Somewhat likely,Very likely,Very unlikely,Very unlikely,Very likely,Somewhat likely,Very unlikely,Very unlikely,Neutral,Somewhat likely,Somewhat likely,Somewhat likely,Very likely,Very unlikely,Very likely,Somewhat unlikely,Very unlikely,Very likely
7/4/2017 23:39:49,25-34 years old,Honduras,Latinamerican,Female,Very likely,Very likely,Very likely,Very likely,Somewhat likely,Somewhat likely,Very likely,Very likely,Very likely,Very likely,Very likely,Very likely,Very likely,Very likely,Very unlikely,Very unlikely,Very likely,Very likely,Very unlikely,Very unlikely,Neutral,Somewhat unlikely,Somewhat likely,Very likely,Very likely,Very unlikely,Somewhat likely,Very likely,Very likely,Very likely
7/4/2017 23:42:45,25-34 years old,Paraguay,Latin,Male,Very likely,Very likely,Very likely,Very likely,Very likely,Very unlikely,Very likely,Very likely,Somewhat likely,Very likely,Very likely,Very unlikely,Very likely,Somewhat likely,Very unlikely,Very unlikely,Neutral,Somewhat likely,Very unlikely,Very unlikely,Very unlikely,Somewhat unlikely,Very unlikely,Very likely,Very likely,I don't understand,Very unlikely,Neutral,Somewhat unlikely,Very unlikely
7/4/2017 23:43:35,18-24 years old,Canada,Caucasian ,Female,I don't understand,I don't understand,I don't understand,I don't understand,I don't understand,I don't understand,Very likely,Very likely,Very likely,Very likely,Very likely,Somewhat likely,Very likely,I don't understand,Very unlikely,Very unlikely,I don't understand,Very likely,Somewhat unlikely,Neutral,Somewhat likely,Very likely,Neutral,Neutral,Very likely,Neutral,Very likely,Somewhat unlikely,Very unlikely,Very likely
7/4/2017 23:48:54,25-34 years old,United States of America,Blacks,Male,Neutral,Somewhat unlikely,Somewhat likely,Somewhat likely,Neutral,Neutral,Very likely,Very likely,Very likely,I don't understand,I don't understand,I don't understand,Neutral,Neutral,Very unlikely,Somewhat unlikely,I don't understand,Very likely,Very unlikely,Very unlikely,Neutral,Somewhat likely,Neutral,Somewhat likely,Somewhat likely,I don't understand,I don't understand,Neutral,Somewhat likely,Somewhat likely
7/4/2017 23:54:30,18-24 years old,Trinidad,East Indian,Male,Very likely,Very likely,Very likely,Very likely,Very unlikely,Very unlikely,Very likely,Very unlikely,Very likely,Very likely,Very likely,Somewhat likely,Very likely,Very likely,Very unlikely,Very unlikely,Very likely,Very likely,Somewhat likely,Very unlikely,Very likely,Neutral,Very unlikely,Very unlikely,Very likely,Very unlikely,Very likely,Neutral,Very unlikely,Very likely
7/5/2017 0:11:21,25-34 years old,Brazil,White,Male,Neutral,Neutral,Neutral,Very unlikely,Very unlikely,Very unlikely,Very likely,Very likely,Very likely,Very likely,Very likely,Somewhat unlikely,Very unlikely,Very unlikely,Very unlikely,Very unlikely,Very unlikely,Very unlikely,Very unlikely,Somewhat likely,Very likely,Very unlikely,Very unlikely,Somewhat likely,Very likely,Very unlikely,Very unlikely,Very unlikely,Very unlikely,Very unlikely
7/5/2017 0:12:49,44+ years old,St.Kitts-Nevis,Black,Male,Very likely,Somewhat unlikely,Very likely,Very likely,Somewhat likely,Somewhat likely,Very likely,Neutral,Very likely,Somewhat likely,Somewhat likely,Very likely,Somewhat likely,Somewhat likely,Neutral,Somewhat likely,Somewhat likely,Very likely,Somewhat unlikely,Neutral,Somewhat likely,Very likely,Somewhat likely,Very likely,Somewhat likely,Somewhat likely,Very likely,Somewhat likely,Neutral,Somewhat likely
7/5/2017 0:15:32,25-34 years old,Germany,Latinamerican,Male,Somewhat unlikely,Somewhat unlikely,I don't understand,Somewhat likely,I don't understand,Somewhat unlikely,Somewhat likely,Very likely,Very likely,Very likely,Very likely,Very likely,Somewhat likely,Somewhat likely,Very unlikely,Very unlikely,Somewhat likely,Very likely,Very unlikely,Very unlikely,Somewhat likely,Very likely,Very likely,Very likely,Very likely,Very unlikely,Very likely,Very unlikely,Very unlikely,Very likely
7/5/2017 0:30:31,25-34 years old,United States,White,Male,Very likely,Somewhat likely,Neutral,Somewhat likely,Somewhat likely,Very unlikely,Very likely,Very likely,Very likely,Very likely,Very likely,Very likely,Somewhat likely,Very likely,Very unlikely,Very unlikely,Very likely,Very likely,Very unlikely,Very unlikely,Somewhat likely,Somewhat unlikely,Very unlikely,Somewhat unlikely,Somewhat likely,Very unlikely,Very likely,Very unlikely,Very unlikely,Very likely
7/5/2017 0:53:58,44+ years old,St. Kitts,Negro,Female,Very likely,Somewhat likely,Somewhat unlikely,Very likely,Somewhat unlikely,Very unlikely,Very likely,Very likely,Very likely,Somewhat unlikely,Somewhat unlikely,Somewhat unlikely,Very likely,Very unlikely,Very unlikely,Very unlikely,Very likely,Very likely,Very unlikely,Somewhat unlikely,Somewhat unlikely,Somewhat unlikely,Very likely,Very likely,Very likely,Somewhat unlikely,Somewhat unlikely,Very likely,Somewhat unlikely,Very likely
7/5/2017 1:43:00,18-24 years old,Trinidad and Tobago,West Indian,Male,Very likely,Very likely,Very likely,Somewhat likely,Somewhat unlikely,Very unlikely,Very likely,Very unlikely,Very likely,I don't understand,Very likely,Somewhat likely,Very likely,Somewhat unlikely,Very unlikely,Very unlikely,Somewhat likely,I don't understand,Somewhat unlikely,Very unlikely,Very unlikely,Very unlikely,Very unlikely,Very likely,Somewhat likely,Somewhat likely,Very likely,Neutral,Neutral,Somewhat likely
7/5/2017 2:02:54,35-44 years old,South Africa ,African ,Male,Very likely,Somewhat unlikely,Very likely,Very likely,Somewhat likely,Very likely,Very likely,Very likely,Very likely,Very likely,Very likely,Neutral,Neutral,Somewhat likely,Very unlikely,Very unlikely,Very unlikely,Somewhat likely,Very unlikely,Very unlikely,Very unlikely,Very unlikely,Very unlikely,Very likely,Somewhat unlikely,Very unlikely,Somewhat likely,Somewhat unlikely,Somewhat unlikely,Very unlikely
7/5/2017 2:49:37,25-34 years old,USA,White,Male,Very unlikely,Somewhat unlikely,Somewhat unlikely,Somewhat likely,Somewhat likely,Somewhat likely,Somewhat likely,Somewhat likely,Very likely,Very likely,Very likely,Very likely,Somewhat likely,Somewhat likely,Very unlikely,Very unlikely,Somewhat likely,Very likely,Very unlikely,Very unlikely,Neutral,Somewhat likely,Somewhat likely,Somewhat likely,Very likely,Very unlikely,Very likely,Somewhat likely,Very unlikely,Very likely
7/5/2017 5:52:19,18-24 years old,Trinidad and Tobago,Indian,Male,I don't understand,Neutral,Very likely,Somewhat likely,Neutral,Neutral,Very likely,Neutral,Very likely,Neutral,I don't understand,Very likely,I don't understand,Neutral,Very unlikely,Very unlikely,Somewhat likely,Somewhat likely,Very unlikely,Neutral,Somewhat likely,Neutral,Neutral,Neutral,Very likely,Very unlikely,Somewhat likely,I don't understand,I don't understand,Somewhat likely
7/5/2017 6:24:14,25-34 years old,St. Kitts,Black ,Female,Somewhat likely,Somewhat unlikely,Somewhat likely,Very likely,Very unlikely,Very unlikely,Very likely,Very unlikely,Very likely,Somewhat likely,Very likely,Somewhat likely,Very likely,Very likely,Very unlikely,Very unlikely,Very likely,Very likely,Very unlikely,Very unlikely,Somewhat likely,Very unlikely,Somewhat unlikely,Very likely,Very likely,Very unlikely,Very likely,Somewhat likely,Very unlikely,Very likely
7/5/2017 6:25:13,25-34 years old,USA,Black,Female,Very likely,Somewhat likely,Very likely,Somewhat likely,Very unlikely,Very unlikely,Very likely,Somewhat unlikely,Very likely,Neutral,Somewhat likely,Neutral,Very likely,Very likely,Very unlikely,Very likely,Very likely,Very likely,Very unlikely,Very unlikely,Somewhat unlikely,Very unlikely,Very unlikely,Neutral,Very likely,Somewhat likely,Somewhat likely,Somewhat likely,Very unlikely,Very likely
7/5/2017 7:00:27,25-34 years old,Brazil,White,Male,Very likely,Somewhat likely,Very likely,Somewhat likely,I don't understand,Neutral,Very likely,Somewhat unlikely,I don't understand,I don't understand,Somewhat unlikely,Very unlikely,I don't understand,Very likely,Very unlikely,Somewhat unlikely,I don't understand,I don't understand,Very unlikely,Somewhat unlikely,Somewhat likely,Neutral,Very unlikely,Very likely,Somewhat likely,I don't understand,Somewhat likely,Somewhat unlikely,Very unlikely,Very likely
7/5/2017 7:19:08,25-34 years old,St.Kitts,Afro-Caribbean ,Female,Very likely,Very unlikely,Very unlikely,Very unlikely,Very likely,Very likely,Very unlikely,Very likely,Very unlikely,Very likely,Very likely,Very likely,Very likely,Very likely,Very unlikely,Very likely,Very likely,Very likely,Very unlikely,Very likely,Very likely,Very likely,Very likely,Very likely,Very likely,Very likely,Very likely,Very likely,Very unlikely,Very likely
7/5/2017 7:31:30,25-34 years old,Taiwan,Afro-Caribbean,Male,Neutral,Very unlikely,Neutral,Very unlikely,Neutral,Neutral,Very likely,Very unlikely,Very likely,Neutral,Somewhat likely,Very likely,Somewhat likely,Very likely,Very unlikely,Very unlikely,Somewhat likely,Very likely,Very unlikely,Very unlikely,Very likely,Very likely,Very likely,Very likely,Very likely,Somewhat likely,Very likely,Very likely,Very unlikely,Very likely
7/5/2017 7:47:41,18-24 years old,Barbados ,African ,Male,Somewhat unlikely,Neutral,Somewhat likely,Somewhat likely,Somewhat unlikely,Neutral,Very likely,Very unlikely,Very likely,I don't understand,I don't understand,Somewhat unlikely,Neutral,Very unlikely,Very unlikely,Very unlikely,Somewhat unlikely,Neutral,Very unlikely,Very unlikely,Somewhat likely,Very unlikely,Very unlikely,Neutral,Somewhat likely,Somewhat unlikely,Somewhat likely,Very likely,Somewhat unlikely,Somewhat likely
7/5/2017 7:50:23,18-24 years old,Taiwan,Latin,Female,Very likely,Somewhat unlikely,Very likely,Very likely,Somewhat unlikely,Very unlikely,Very likely,Very unlikely,Somewhat likely,Somewhat unlikely,Somewhat unlikely,Neutral,Somewhat unlikely,Very unlikely,Very unlikely,Very unlikely,Neutral,Very likely,Very unlikely,Very unlikely,Somewhat likely,Very unlikely,Somewhat unlikely,Very likely,Very likely,I don't understand,Very likely,Very unlikely,Very unlikely,Somewhat unlikely
7/5/2017 8:27:54,18-24 years old,Jamaica,Indian,Female,Very likely,Very likely,Very likely,Somewhat likely,Somewhat likely,Neutral,Very likely,Very likely,Very likely,Very likely,Very likely,Somewhat likely,Somewhat likely,Somewhat likely,Very unlikely,Neutral,Very likely,Somewhat likely,Very unlikely,Very unlikely,Somewhat likely,I don't understand,Somewhat likely,Very likely,Very likely,I don't understand,Very likely,Very likely,Very likely,Very likely
7/5/2017 8:33:22,35-44 years old,Taiwan,Asian,Male,Very likely,Very likely,Very likely,Somewhat likely,Somewhat likely,Neutral,Very likely,Somewhat unlikely,Very likely,Very likely,Very likely,Very likely,Very likely,Very likely,Very unlikely,Very unlikely,Somewhat likely,Very likely,Very unlikely,Very unlikely,Somewhat likely,Somewhat likely,Somewhat unlikely,Very likely,Very likely,Very unlikely,Very likely,Very unlikely,Neutral,Very likely
7/5/2017 8:50:57,35-44 years old,United States,Caucasian,Male,Somewhat unlikely,Somewhat unlikely,Neutral,Neutral,I don't understand,I don't understand,Very likely,Somewhat likely,Very likely,Very likely,Very likely,Very likely,I don't understand,I don't understand,Very unlikely,Very unlikely,Somewhat likely,Very likely,Very unlikely,Neutral,Very likely,Very likely,Very likely,Very likely,Very likely,I don't understand,Very likely,Very unlikely,Very unlikely,Very likely
7/5/2017 9:14:57,25-34 years old,Canada,Caucasian,Male,Very unlikely,I don't understand,Very unlikely,Very unlikely,Very unlikely,Very unlikely,Very likely,Very likely,Somewhat likely,Neutral,Somewhat unlikely,Neutral,Somewhat unlikely,Very likely,Very unlikely,Very unlikely,Somewhat unlikely,Somewhat likely,Very unlikely,Very unlikely,Very unlikely,Somewhat unlikely,Neutral,Neutral,Neutral,I don't understand,Neutral,Somewhat unlikely,Very unlikely,Somewhat likely
7/5/2017 9:27:03,18-24 years old,Trinidad,African,Male,Very likely,Somewhat likely,Very likely,Very likely,Somewhat likely,Somewhat unlikely,Very likely,Very likely,Very likely,Very likely,Somewhat likely,Somewhat likely,I don't understand,I don't understand,Very unlikely,Very unlikely,Very likely,Very likely,Very likely,Very unlikely,Very likely,Very likely,Very likely,Very likely,Very likely,I don't understand,Very likely,Very unlikely,Very likely,I don't understand
7/5/2017 10:15:19,25-34 years old,Bahamas,Black,Male,Somewhat unlikely,Somewhat unlikely,Somewhat unlikely,Very unlikely,I don't understand,Neutral,Very likely,Somewhat likely,Very likely,I don't understand,Somewhat likely,Somewhat likely,Neutral,I don't understand,Very unlikely,Very unlikely,Somewhat unlikely,Somewhat likely,Very unlikely,Very unlikely,Somewhat likely,Somewhat unlikely,Somewhat unlikely,Neutral,Very likely,Very unlikely,Very likely,Somewhat likely,I don't understand,Very likely
7/5/2017 10:24:44,25-34 years old,Bahamas,Black ,Male,Very unlikely,I don't understand,I don't understand,Neutral,Somewhat likely,Neutral,Somewhat likely,Very unlikely,Very unlikely,I don't understand,I don't understand,I don't understand,I don't understand,I don't understand,Somewhat likely,Somewhat likely,I don't understand,Neutral,Very likely,Very unlikely,Neutral,Somewhat unlikely,Very unlikely,Very likely,I don't understand,I don't understand,I don't understand,I don't understand,I don't understand,I don't understand
7/5/2017 11:20:29,25-34 years old,Trinidad and Tobago,East Indian,Male,Neutral,Neutral,Somewhat unlikely,I don't understand,Somewhat unlikely,I don't understand,Very likely,Neutral,Somewhat likely,Somewhat likely,Very likely,Very likely,I don't understand,Very unlikely,Very unlikely,Very unlikely,I don't understand,Somewhat likely,Very unlikely,Very unlikely,Neutral,Somewhat likely,Somewhat unlikely,Somewhat likely,Somewhat likely,Very likely,Very likely,Very unlikely,I don't understand,Somewhat likely
7/5/2017 11:57:52,25-34 years old,Brazil,White,Male,Very likely,Very likely,Very likely,Somewhat likely,Very likely,Somewhat likely,Very likely,Very likely,Very likely,Very likely,Very likely,Very likely,I don't understand,I don't understand,Very unlikely,Very unlikely,I don't understand,I don't understand,Very unlikely,Very unlikely,Very likely,Neutral,Neutral,Very likely,Very likely,Very likely,Very likely,Very likely,Very likely,Very likely
7/5/2017 12:56:52,18-24 years old,USA,Black,Female,Very likely,Very unlikely,Very likely,Very likely,Somewhat unlikely,Very unlikely,Very likely,Very unlikely,Very likely,Neutral,Somewhat unlikely,Somewhat likely,Somewhat likely,Very likely,Somewhat unlikely,Very unlikely,Somewhat likely,Somewhat likely,Very unlikely,Very unlikely,Somewhat likely,Somewhat likely,Somewhat likely,Very likely,Very likely,Somewhat likely,Very likely,Very unlikely,Somewhat likely,Very likely
7/5/2017 13:13:47,18-24 years old,usa,Black ,Female,Neutral,Somewhat unlikely,Neutral,Somewhat unlikely,Somewhat unlikely,Very unlikely,Very likely,Somewhat likely,Very likely,I don't understand,Somewhat unlikely,Neutral,Neutral,Very likely,Very unlikely,Very unlikely,Very unlikely,Very likely,Very unlikely,Somewhat unlikely,Somewhat likely,Neutral,Very unlikely,Somewhat unlikely,Somewhat likely,Very unlikely,Somewhat likely,Somewhat likely,I don't understand,Very likely
7/5/2017 13:50:51,25-34 years old,St. Kitts,Christianity,Female,Very likely,Somewhat unlikely,Somewhat likely,Very likely,Somewhat likely,Very unlikely,Very likely,Somewhat likely,Somewhat unlikely,Very likely,Somewhat likely,Very unlikely,Somewhat likely,Somewhat unlikely,Very unlikely,Very unlikely,Somewhat unlikely,Very likely,Somewhat unlikely,Very unlikely,Very unlikely,I don't understand,Somewhat unlikely,Somewhat likely,Somewhat unlikely,Somewhat unlikely,Very unlikely,Somewhat likely,Somewhat unlikely,Very likely
7/5/2017 16:24:30,25-34 years old,Taiwan,Latino,Male,Very likely,Somewhat unlikely,Very likely,Somewhat likely,I don't understand,Very unlikely,Very likely,Somewhat unlikely,Very likely,Somewhat likely,Somewhat likely,Somewhat unlikely,Somewhat likely,Very likely,Very unlikely,Very unlikely,Somewhat likely,Somewhat likely,Very unlikely,Very unlikely,Somewhat unlikely,Very unlikely,Somewhat unlikely,Somewhat likely,Somewhat likely,Very unlikely,Neutral,Somewhat likely,Very unlikely,Somewhat likely
7/5/2017 18:36:19,25-34 years old,St. Kitts,West Indian ,Female,Very likely,Very unlikely,Somewhat likely,Very likely,Very unlikely,Very unlikely,Somewhat likely,Somewhat unlikely,Very unlikely,Very unlikely,Very likely,I don't understand,Somewhat unlikely,Very likely,Neutral,Very likely,Somewhat likely,Very unlikely,Neutral,Somewhat likely,Neutral,Very unlikely,I don't understand,Somewhat likely,Very likely,Very unlikely,Somewhat likely,Very unlikely,Very unlikely,Very unlikely
7/5/2017 21:22:36,18-24 years old,Trinidad,East Indian,Female,Very likely,I don't understand,Neutral,Very unlikely,Very unlikely,Somewhat likely,Very likely,Very unlikely,Very likely,Neutral,Somewhat likely,Somewhat unlikely,Somewhat likely,I don't understand,Very unlikely,Very unlikely,Very likely,Very likely,Very unlikely,Neutral,Somewhat likely,Neutral,Neutral,Very likely,Somewhat likely,Very unlikely,Somewhat likely,Somewhat likely,Very unlikely,Very likely
7/5/2017 22:07:36,25-34 years old,United States,White,Male,Somewhat unlikely,Neutral,Neutral,Somewhat unlikely,Somewhat unlikely,Very unlikely,Very likely,Very unlikely,Somewhat likely,Somewhat unlikely,Somewhat unlikely,Very unlikely,Somewhat likely,Very likely,Very unlikely,Very unlikely,Somewhat likely,Somewhat likely,Very unlikely,Very unlikely,Somewhat unlikely,Somewhat unlikely,Somewhat unlikely,Neutral,Somewhat likely,Somewhat unlikely,Neutral,Very unlikely,Very unlikely,Somewhat likely
7/6/2017 2:18:04,25-34 years old,Trinidad,Black,Male,Somewhat likely,Somewhat likely,Somewhat likely,Somewhat likely,I don't understand,Very unlikely,Very likely,Somewhat unlikely,Very likely,I don't understand,Somewhat likely,I don't understand,Somewhat likely,Very unlikely,Very unlikely,Very unlikely,Very likely,Very likely,Very unlikely,Very unlikely,Somewhat likely,Neutral,Very unlikely,Somewhat likely,Very likely,Very unlikely,Somewhat likely,Somewhat unlikely,Very unlikely,Very likely
7/6/2017 3:28:30,18-24 years old,Trinidad,East Indian ,Female,Neutral,Neutral,Neutral,Very likely,Very likely,Very likely,Very likely,Very likely,Very likely,Very unlikely,Somewhat likely,Somewhat likely,Somewhat likely,Very unlikely,Very unlikely,Very unlikely,Very unlikely,Somewhat likely,Very unlikely,Very unlikely,Somewhat likely,Somewhat unlikely,Somewhat unlikely,Somewhat unlikely,Very unlikely,Somewhat unlikely,Somewhat likely,Very likely,Very unlikely,Very likely
7/7/2017 18:32:28,25-34 years old,St. Lucia,None,Female,Very likely,I don't understand,Somewhat likely,Neutral,Neutral,Neutral,Very likely,Very likely,Very likely,Neutral,Neutral,Somewhat unlikely,Somewhat likely,Very likely,Very unlikely,Very unlikely,Very likely,Very likely,Very unlikely,Neutral,Somewhat likely,Somewhat likely,Neutral,Somewhat likely,Very likely,Neutral,Very likely,Very likely,I don't understand,Very likely